User Name,Product Name,Rating,Review,Time
raagh0987654321,klo,4,sfsf,"January 27, 2021 12:42:20"
Reet,hekgdj,4,This is a test,"January 27, 2021 12:42:34"
hell,kitchen,5,Nicee.,"January 27, 2021 12:43:21"
Reet,hekgdj,5,This is a test.,"January 27, 2021 14:53:17"
Reet,hekgdj,5,This is a test.,"January 27, 2021 14:54:27"
Ray,Bed,1,Not good.,"January 27, 2021 15:19:57"
Reet,Mobile,4,Good so Far,"January 27, 2021 15:27:35"
ReetCodechefGCECT,kitchen,3,This is another test,"January 27, 2021 16:10:37"
raagh0987654321,hekgdj,4,sffsf,"January 27, 2021 16:47:26"
